{
	"ambientocclusion": false,
	"render_type": "cutout",
	"texture_size": [32, 32],
	"textures": {
		"2": "babyfat:block/water_lettuce",
		"particle": "babyfat:block/water_lettuce_particle"
	},
	"elements": [
		{
			"from": [4, -2, 4],
			"to": [12, 4, 12],
			"rotation": {"angle": 0, "axis": "y", "origin": [0, -2, -1]},
			"faces": {
				"north": {"uv": [4, 4, 8, 7], "texture": "#2"},
				"east": {"uv": [0, 4, 4, 7], "texture": "#2"},
				"south": {"uv": [12, 4, 16, 7], "texture": "#2"},
				"west": {"uv": [8, 4, 12, 7], "texture": "#2"},
				"up": {"uv": [8, 4, 4, 0], "texture": "#2"},
				"down": {"uv": [12, 0, 8, 4], "texture": "#2"}
			}
		},
		{
			"from": [4, -1.5, 9.5],
			"to": [12, -1.5, 18.5],
			"rotation": {"angle": -22.5, "axis": "x", "origin": [8, -1.5, 11]},
			"faces": {
				"up": {"uv": [7.5, 11.5, 3.5, 7], "texture": "#2"},
				"down": {"uv": [3.5, 11.5, 7.5, 7], "rotation": 180, "texture": "#2"}
			}
		},
		{
			"from": [4, -1.5, -2.5],
			"to": [12, -1.5, 6.5],
			"shade": false,
			"rotation": {"angle": 22.5, "axis": "x", "origin": [8, -1.5, 5]},
			"faces": {
				"up": {"uv": [3.5, 7, 7.5, 11.5], "texture": "#2"},
				"down": {"uv": [7.5, 7, 3.5, 11.5], "rotation": 180, "texture": "#2"}
			}
		},
		{
			"from": [9.3, -3, 4],
			"to": [18.3, -3, 12],
			"shade": false,
			"rotation": {"angle": 22.5, "axis": "z", "origin": [7, -1.5, 12]},
			"faces": {
				"north": {"uv": [9.25, 9.25, 11.5, 9.25], "texture": "#2"},
				"east": {"uv": [7.25, 9.25, 9.25, 9.25], "texture": "#2"},
				"south": {"uv": [13.5, 9.25, 15.75, 9.25], "texture": "#2"},
				"west": {"uv": [11.5, 9.25, 13.5, 9.25], "texture": "#2"},
				"up": {"uv": [7.5, 11.5, 3.5, 7], "rotation": 270, "texture": "#2"},
				"down": {"uv": [3.5, 11.5, 7.5, 7], "rotation": 270, "texture": "#2"}
			}
		},
		{
			"from": [-2.3, -3, 4],
			"to": [6.7, -3, 12],
			"shade": false,
			"rotation": {"angle": -22.5, "axis": "z", "origin": [9, -1.5, 12]},
			"faces": {
				"up": {"uv": [3.5, 7, 7.5, 11.5], "rotation": 270, "texture": "#2"},
				"down": {"uv": [7.5, 7, 3.5, 11.5], "rotation": 270, "texture": "#2"}
			}
		},
		{
			"from": [-1.3, -4, 4],
			"to": [7.7, -4, 12],
			"shade": false,
			"rotation": {"angle": -45, "axis": "z", "origin": [9, -1.5, 12]},
			"faces": {
				"up": {"uv": [7.5, 7, 3.5, 11.5], "rotation": 270, "texture": "#2"},
				"down": {"uv": [3.5, 7, 7.5, 11.5], "rotation": 270, "texture": "#2"}
			}
		},
		{
			"from": [8.3, -4, 4],
			"to": [17.3, -4, 12],
			"shade": false,
			"rotation": {"angle": 45, "axis": "z", "origin": [7, -1.5, 12]},
			"faces": {
				"north": {"uv": [9.25, 9.25, 11.5, 9.25], "texture": "#2"},
				"east": {"uv": [7.25, 9.25, 9.25, 9.25], "texture": "#2"},
				"south": {"uv": [13.5, 9.25, 15.75, 9.25], "texture": "#2"},
				"west": {"uv": [11.5, 9.25, 13.5, 9.25], "texture": "#2"},
				"up": {"uv": [3.5, 11.5, 7.5, 7], "rotation": 270, "texture": "#2"},
				"down": {"uv": [7.5, 11.5, 3.5, 7], "rotation": 270, "texture": "#2"}
			}
		},
		{
			"from": [4, -1, 9.3],
			"to": [12, -1, 18.3],
			"shade": false,
			"rotation": {"angle": -45, "axis": "x", "origin": [8, -1.5, 11]},
			"faces": {
				"north": {"uv": [11.5, 2.75, 9.5, 2.75], "texture": "#2"},
				"east": {"uv": [13.75, 2.75, 11.5, 2.75], "texture": "#2"},
				"south": {"uv": [15.75, 2.75, 13.75, 2.75], "texture": "#2"},
				"west": {"uv": [9.5, 2.75, 7.25, 2.75], "texture": "#2"},
				"up": {"uv": [7.5, 7, 3.5, 11.5], "rotation": 180, "texture": "#2"},
				"down": {"uv": [3.5, 7, 7.5, 11.5], "texture": "#2"}
			}
		},
		{
			"from": [4, -1, -2.3],
			"to": [12, -1, 6.7],
			"shade": false,
			"rotation": {"angle": 45, "axis": "x", "origin": [8, -1.5, 5]},
			"faces": {
				"up": {"uv": [7.5, 7, 3.5, 11.5], "texture": "#2"},
				"down": {"uv": [3.5, 7, 7.5, 11.5], "rotation": 180, "texture": "#2"}
			}
		},
		{
			"from": [8, -12, 5],
			"to": [8, -2, 12],
			"rotation": {"angle": 45, "axis": "y", "origin": [8, -7, 8.5]},
			"faces": {
				"east": {"uv": [0, 7, 3.5, 12], "texture": "#2"},
				"west": {"uv": [0, 7, 3.5, 12], "texture": "#2"}
			}
		},
		{
			"from": [8, -12, 5],
			"to": [8, -2, 12],
			"rotation": {"angle": -45, "axis": "y", "origin": [8, -7, 8.5]},
			"faces": {
				"east": {"uv": [0, 7, 3.5, 12], "texture": "#2"},
				"west": {"uv": [0, 7, 3.5, 12], "texture": "#2"}
			}
		}
	],
	"groups": [
		0,
		{
			"name": "leaf",
			"origin": [8, 4.5, 13],
			"color": 0,
			"children": [1]
		},
		{
			"name": "leaf",
			"origin": [8, 4.5, 13],
			"color": 0,
			"children": [2]
		},
		{
			"name": "leaf",
			"origin": [8, 4.5, 13],
			"color": 0,
			"children": [3]
		},
		{
			"name": "leaf",
			"origin": [8, 4.5, 13],
			"color": 0,
			"children": [4]
		},
		{
			"name": "leaf",
			"origin": [8, 4.5, 13],
			"color": 0,
			"children": [5]
		},
		{
			"name": "leaf",
			"origin": [8, 4.5, 13],
			"color": 0,
			"children": [6]
		},
		{
			"name": "leaf",
			"origin": [8, 4.5, 13],
			"color": 0,
			"children": [7]
		},
		{
			"name": "leaf",
			"origin": [8, 4.5, 13],
			"color": 0,
			"children": [8]
		},
		{
			"name": "root",
			"origin": [0, 0, -1],
			"color": 0,
			"children": [9]
		},
		{
			"name": "root",
			"origin": [0, 0, -1],
			"color": 0,
			"children": [10]
		}
	]
}